# Règles du scan OWASP ZAP baseline (CI). Colonnes séparées par des tabulations : <id>	<FAIL|WARN|IGNORE>	(<nom>)
# FAIL = la CI échoue ; WARN = signalé dans le rapport sans bloquer ; IGNORE = écarté.
10038	FAIL	(Content Security Policy Header Not Set)
10020	FAIL	(Missing Anti-clickjacking Header)
10021	FAIL	(X-Content-Type-Options Header Missing)
10036	FAIL	(HTTP Server Response Header)
10037	FAIL	(Server Leaks Information via X-Powered-By)
10054	FAIL	(Cookie without SameSite Attribute)
10011	FAIL	(Cookie Without Secure Flag)
10010	WARN	(Cookie No HttpOnly Flag : le jeton CSRF doit rester lisible par le script, c est voulu)
10055	WARN	(CSP: style-src unsafe-inline)
10035	IGNORE	(Strict-Transport-Security : sans objet en HTTP dans la CI)
10096	IGNORE	(Timestamp Disclosure : bruit dans le JavaScript compile)
